Run 1,,
500,0.599466666666667,0.9533333333333335
1000,0.6640933333333338,0.9533333333333335
1500,0.6862000000000015,0.9533333333333335
2000,0.6982133333333354,0.9533333333333335
