Run 1,,
500,0.5995466666666655,0.9000000000000002
1000,0.6610066666666672,0.9000000000000002
1500,0.68252,0.9000000000000002
2000,0.6972533333333348,0.9000000000000002


Global Best Gen #,avgabsfit,lastwinfit,csvfit,random fit
0,0.7095238095238096,0.8,0.6190476190476191,0.6520634920634949
1,0.7333333333333336,0.4666666666666667
0,0.8,0.6190476190476191
