Run 1,,
500,0.6044601336675017,0.8000000000000004
1050,0.6117345558340297,0.8736842105263158
Run 2,,
500,0.6009421888053468,0.8894736842105262
1050,0.6130208827624619,0.8842105263157896


Global Best Gen #,avgabsfit,lastwinfit,csvfit,random fit
0,0.7000000000000002,0.7263157894736845,0.6736842105263159,0.5884210526315812
1,0.8000000000000003,0.5263157894736842
2,0.8000000000000003,0.6
0,0.7263157894736845,0.6736842105263159
